{"Logistic": {"accuracy": 0.875, "precision": 0.7903225806451613, "recall": 0.8032786885245902, "f1": 0.7967479674796748}, "NaiveBayes": {"accuracy": 0.865, "precision": 0.7833333333333333, "recall": 0.7704918032786885, "f1": 0.7768595041322314}, "KNN": {"accuracy": 0.755, "precision": 0.62, "recall": 0.5081967213114754, "f1": 0.5585585585585585}}